{"student": {"classification_report": {"0": {"precision": 0.1388888888888889, "recall": 0.5263157894736842, "f1-score": 0.21978021978021975, "support": 19}, "1": {"precision": 0.1875, "recall": 0.5, "f1-score": 0.2727272727272727, "support": 18}, "2": {"precision": 0.6083916083916084, "recall": 0.7699115044247787, "f1-score": 0.6796875, "support": 113}, "3": {"precision": 0.5, "recall": 0.3333333333333333, "f1-score": 0.4, "support": 3}, "4": {"precision": 0.0, "recall": 0.0, "f1-score": 0.0, "support": 2}, "5": {"precision": 0.8242009132420092, "recall": 0.722, "f1-score": 0.769722814498934, "support": 500}, "6": {"precision": 0.0, "recall": 0.0, "f1-score": 0.0, "support": 5}, "7": {"precision": 0.26666666666666666, "recall": 0.4444444444444444, "f1-score": 0.33333333333333337, "support": 9}, "8": {"precision": 0.6861313868613139, "recall": 0.7139240506329114, "f1-score": 0.6997518610421837, "support": 395}, "9": {"precision": 0.0, "recall": 0.0, "f1-score": 0.0, "support": 9}, "10": {"precision": 0.8073770491803278, "recall": 0.788, "f1-score": 0.7975708502024291, "support": 500}, "11": {"precision": 0.13043478260869565, "recall": 0.2608695652173913, "f1-score": 0.1739130434782609, "support": 23}, "12": {"precision": 0.9257425742574258, "recall": 0.749498997995992, "f1-score": 0.8283499446290145, "support": 499}, "13": {"precision": 0.5, "recall": 0.25, "f1-score": 0.3333333333333333, "support": 4}, "14": {"precision": 0.21428571428571427, "recall": 0.6923076923076923, "f1-score": 0.32727272727272727, "support": 13}, "accuracy": 0.728219696969697, "macro avg": {"precision": 0.3859746389588434, "recall": 0.4500403585220152, "f1-score": 0.38902952668651386, "support": 2112}, "weighted avg": {"precision": 0.7742444500467318, "recall": 0.728219696969697, "f1-score": 0.744826193752375, "support": 2112}}}, "teacher": {"classification_report": {"0": {"precision": 0.09302325581395349, "recall": 0.21052631578947367, "f1-score": 0.12903225806451613, "support": 19}, "1": {"precision": 0.14285714285714285, "recall": 0.4444444444444444, "f1-score": 0.21621621621621623, "support": 18}, "2": {"precision": 0.5151515151515151, "recall": 0.7522123893805309, "f1-score": 0.6115107913669064, "support": 113}, "3": {"precision": 0.0, "recall": 0.0, "f1-score": 0.0, "support": 3}, "4": {"precision": 0.0, "recall": 0.0, "f1-score": 0.0, "support": 2}, "5": {"precision": 0.7821350762527233, "recall": 0.718, "f1-score": 0.748696558915537, "support": 500}, "6": {"precision": 0.0, "recall": 0.0, "f1-score": 0.0, "support": 5}, "7": {"precision": 0.23076923076923078, "recall": 0.3333333333333333, "f1-score": 0.27272727272727276, "support": 9}, "8": {"precision": 0.695, "recall": 0.7037974683544304, "f1-score": 0.6993710691823899, "support": 395}, "9": {"precision": 0.0, "recall": 0.0, "f1-score": 0.0, "support": 9}, "10": {"precision": 0.8004158004158004, "recall": 0.7715430861723447, "f1-score": 0.7857142857142857, "support": 499}, "11": {"precision": 0.14285714285714285, "recall": 0.30434782608695654, "f1-score": 0.19444444444444445, "support": 23}, "12": {"precision": 0.9242424242424242, "recall": 0.732, "f1-score": 0.8169642857142857, "support": 500}, "13": {"precision": 0.14285714285714285, "recall": 0.25, "f1-score": 0.18181818181818182, "support": 4}, "14": {"precision": 0.21621621621621623, "recall": 0.6153846153846154, "f1-score": 0.32, "support": 13}, "accuracy": 0.7121212121212122, "macro avg": {"precision": 0.3123683298288861, "recall": 0.3890392985964086, "f1-score": 0.33176635761093576, "support": 2112}, "weighted avg": {"precision": 0.7568262798503551, "recall": 0.7121212121212122, "f1-score": 0.7284146249228232, "support": 2112}}}, "_timestamp": 1695132513.9193695, "loss": {"loss": 11.244583129882812}, "_runtime": 284.84260845184326, "_step": 1001}