{"epoch": 100, "loss": 0.008979369886219501, "balanced_accuracy_val": 0.3020874643744902, "_timestamp": 1697740638.8742561, "_runtime": 41304.7958612442, "_step": 99, "_wandb": {"runtime": 41356}}