{"epoch": 250, "loss": 0.44719159603118896, "balanced_accuracy_val": 0.47855615581366806, "_timestamp": 1698895814.773686, "_runtime": 106135.48943305016, "_step": 249, "_wandb": {"runtime": 106189}}