{"epoch": 2, "loss": 2.150052547454834, "balanced_accuracy_val": 0.15837714434534167, "_timestamp": 1697539203.8902051, "_runtime": 830.9344370365143, "_step": 1, "_wandb": {"runtime": 884}}