{"epoch": 18, "loss": 0.14210806787014008, "balanced_accuracy_val": 0.8920584647670742, "_timestamp": 1697547495.2848008, "_runtime": 8061.818375825882, "_step": 17, "_wandb": {"runtime": 8293}}