{"epoch": 100, "loss": 0.00033521262230351567, "balanced_accuracy_val": 0.9527627882605966, "_timestamp": 1697847135.6577084, "_runtime": 32600.0697183609, "_step": 99, "_wandb": {"runtime": 32641}}