{"epoch": 1, "loss": 2.814807891845703, "balanced_accuracy_val": 0.14936724298070436, "_timestamp": 1695120272.8966756, "_runtime": 272.031272649765, "_step": 0, "_wandb": {"runtime": 270}}