{"epoch": 100, "loss": 0.013950041495263577, "balanced_accuracy_val": 0.29923800118440813, "_timestamp": 1697782000.6726036, "_runtime": 41291.50677871704, "_step": 99, "_wandb": {"runtime": 41343}}