{"epoch": 250, "loss": 0.33159568905830383, "balanced_accuracy_val": 0.47336288746712557, "_timestamp": 1699015259.269624, "_runtime": 103091.88601398468, "_step": 249, "_wandb": {"runtime": 103143}}