{"epoch": 100, "loss": 0.0010177213698625565, "balanced_accuracy_val": 0.9653176793311322, "_timestamp": 1697814476.1679862, "_runtime": 32406.127602100372, "_step": 99, "_wandb": {"runtime": 32447}}