{"epoch": 3, "loss": 1.6963801383972168, "balanced_accuracy_val": 0.18321996047562825, "_timestamp": 1698684030.4884386, "_runtime": 1301.1631774902344, "_step": 2}