{"student": {"classification_report": {"0": {"precision": 0.37037037037037035, "recall": 0.5263157894736842, "f1-score": 0.43478260869565216, "support": 19}, "1": {"precision": 0.3170731707317073, "recall": 0.7222222222222222, "f1-score": 0.44067796610169496, "support": 18}, "2": {"precision": 0.6571428571428571, "recall": 0.8141592920353983, "f1-score": 0.7272727272727272, "support": 113}, "3": {"precision": 0.5, "recall": 0.3333333333333333, "f1-score": 0.4, "support": 3}, "4": {"precision": 0.0, "recall": 0.0, "f1-score": 0.0, "support": 2}, "5": {"precision": 0.8799126637554585, "recall": 0.806, "f1-score": 0.8413361169102296, "support": 500}, "6": {"precision": 0.0, "recall": 0.0, "f1-score": 0.0, "support": 5}, "7": {"precision": 0.2857142857142857, "recall": 0.4444444444444444, "f1-score": 0.34782608695652173, "support": 9}, "8": {"precision": 0.8131868131868132, "recall": 0.7493670886075949, "f1-score": 0.7799736495388669, "support": 395}, "9": {"precision": 0.2857142857142857, "recall": 0.2222222222222222, "f1-score": 0.25, "support": 9}, "10": {"precision": 0.8599221789883269, "recall": 0.884, "f1-score": 0.8717948717948719, "support": 500}, "11": {"precision": 0.2, "recall": 0.30434782608695654, "f1-score": 0.24137931034482762, "support": 23}, "12": {"precision": 0.960167714884696, "recall": 0.9178356713426854, "f1-score": 0.9385245901639345, "support": 499}, "13": {"precision": 0.5, "recall": 0.25, "f1-score": 0.3333333333333333, "support": 4}, "14": {"precision": 0.2903225806451613, "recall": 0.6923076923076923, "f1-score": 0.4090909090909091, "support": 13}, "accuracy": 0.8229166666666666, "macro avg": {"precision": 0.46130179474226407, "recall": 0.511103705471749, "f1-score": 0.46773281134690464, "support": 2112}, "weighted avg": {"precision": 0.8400892282039497, "recall": 0.8229166666666666, "f1-score": 0.8286635519039428, "support": 2112}}}, "teacher": {"classification_report": {"0": {"precision": 0.2608695652173913, "recall": 0.3157894736842105, "f1-score": 0.28571428571428575, "support": 19}, "1": {"precision": 0.26666666666666666, "recall": 0.6666666666666666, "f1-score": 0.3809523809523809, "support": 18}, "2": {"precision": 0.647887323943662, "recall": 0.8141592920353983, "f1-score": 0.7215686274509804, "support": 113}, "3": {"precision": 0.5, "recall": 0.3333333333333333, "f1-score": 0.4, "support": 3}, "4": {"precision": 0.0, "recall": 0.0, "f1-score": 0.0, "support": 2}, "5": {"precision": 0.8761061946902655, "recall": 0.792, "f1-score": 0.8319327731092437, "support": 500}, "6": {"precision": 0.0, "recall": 0.0, "f1-score": 0.0, "support": 5}, "7": {"precision": 0.3, "recall": 0.3333333333333333, "f1-score": 0.3157894736842105, "support": 9}, "8": {"precision": 0.819672131147541, "recall": 0.7614213197969543, "f1-score": 0.7894736842105263, "support": 394}, "9": {"precision": 0.375, "recall": 0.3333333333333333, "f1-score": 0.35294117647058826, "support": 9}, "10": {"precision": 0.8585461689587426, "recall": 0.874, "f1-score": 0.8662041625371654, "support": 500}, "11": {"precision": 0.15384615384615385, "recall": 0.2608695652173913, "f1-score": 0.1935483870967742, "support": 23}, "12": {"precision": 0.9534883720930233, "recall": 0.902, "f1-score": 0.9270298047276465, "support": 500}, "13": {"precision": 0.5, "recall": 0.5, "f1-score": 0.5, "support": 4}, "14": {"precision": 0.23076923076923078, "recall": 0.6923076923076923, "f1-score": 0.34615384615384615, "support": 13}, "accuracy": 0.8134469696969697, "macro avg": {"precision": 0.44952345382217845, "recall": 0.5052809339805543, "f1-score": 0.4607539068071765, "support": 2112}, "weighted avg": {"precision": 0.8362227454670325, "recall": 0.8134469696969697, "f1-score": 0.8217941097103548, "support": 2112}}}, "_timestamp": 1695138156.9790347, "loss": {"loss": 1.6382908821105957}, "_runtime": 1534.9285407066345, "_step": 5822}