{"epoch": 1, "loss": 2.338703155517578, "balanced_accuracy_val": 0.08139556028474333, "_timestamp": 1695124862.3506427, "_runtime": 271.32958364486694, "_step": 0, "_wandb": {"runtime": 305}}