{"epoch": 100, "loss": 0.0035425941459834576, "balanced_accuracy_val": 0.9806448697514996, "_timestamp": 1697661051.4330168, "_runtime": 38162.38476586342, "_step": 99, "_wandb": {"runtime": 38210}}