{"epoch": 1, "loss": 2.8202133178710938, "balanced_accuracy_val": 0.05784415597601742, "_timestamp": 1695124441.247883, "_runtime": 275.2744700908661, "_step": 0, "_wandb": {"runtime": 311}}