{"epoch": 1, "loss": 2.6670498847961426, "balanced_accuracy_val": 0.049975456081726474, "_timestamp": 1695120681.7209668, "_runtime": 271.9846079349518, "_step": 0, "_wandb": {"runtime": 270}}