{"epoch": 100, "loss": 0.0121805090457201, "balanced_accuracy_val": 0.9782772491044874, "_timestamp": 1697699267.7107027, "_runtime": 38150.64792060852, "_step": 99, "_wandb": {"runtime": 38198}}