{"epoch": 250, "loss": 0.009808574803173542, "balanced_accuracy_val": 0.4891499426057316, "_timestamp": 1698789606.5689836, "_runtime": 105532.43693447113, "_step": 249, "_wandb": {"runtime": 105584}}