{"student": {"classification_report": {"0": {"precision": 0.17857142857142858, "recall": 0.2631578947368421, "f1-score": 0.2127659574468085, "support": 19}, "1": {"precision": 0.14634146341463414, "recall": 0.3333333333333333, "f1-score": 0.2033898305084746, "support": 18}, "2": {"precision": 0.42857142857142855, "recall": 0.6637168141592921, "f1-score": 0.5208333333333334, "support": 113}, "3": {"precision": 0.0, "recall": 0.0, "f1-score": 0.0, "support": 3}, "4": {"precision": 0.0, "recall": 0.0, "f1-score": 0.0, "support": 2}, "5": {"precision": 0.7409638554216867, "recall": 0.7394789579158316, "f1-score": 0.7402206619859579, "support": 499}, "6": {"precision": 0.0, "recall": 0.0, "f1-score": 0.0, "support": 5}, "7": {"precision": 0.2857142857142857, "recall": 0.2222222222222222, "f1-score": 0.25, "support": 9}, "8": {"precision": 0.6458333333333334, "recall": 0.6278481012658228, "f1-score": 0.6367137355584083, "support": 395}, "9": {"precision": 0.0, "recall": 0.0, "f1-score": 0.0, "support": 9}, "10": {"precision": 0.794392523364486, "recall": 0.68, "f1-score": 0.7327586206896552, "support": 500}, "11": {"precision": 0.05813953488372093, "recall": 0.21739130434782608, "f1-score": 0.09174311926605504, "support": 23}, "12": {"precision": 0.900523560209424, "recall": 0.688, "f1-score": 0.7800453514739228, "support": 500}, "13": {"precision": 0.0, "recall": 0.0, "f1-score": 0.0, "support": 4}, "14": {"precision": 0.11428571428571428, "recall": 0.6153846153846154, "f1-score": 0.19277108433734938, "support": 13}, "accuracy": 0.6638257575757576, "macro avg": {"precision": 0.28622247518467614, "recall": 0.33670221622438573, "f1-score": 0.2907494463066643, "support": 2112}, "weighted avg": {"precision": 0.7254512781161949, "recall": 0.6638257575757576, "f1-score": 0.6868834633547191, "support": 2112}}}, "teacher": {"classification_report": {"0": {"precision": 0.09523809523809523, "recall": 0.21052631578947367, "f1-score": 0.13114754098360656, "support": 19}, "1": {"precision": 0.08, "recall": 0.2222222222222222, "f1-score": 0.11764705882352941, "support": 18}, "2": {"precision": 0.37777777777777777, "recall": 0.6017699115044248, "f1-score": 0.4641638225255973, "support": 113}, "3": {"precision": 0.0, "recall": 0.0, "f1-score": 0.0, "support": 3}, "4": {"precision": 0.0, "recall": 0.0, "f1-score": 0.0, "support": 2}, "5": {"precision": 0.750524109014675, "recall": 0.717434869739479, "f1-score": 0.7336065573770492, "support": 499}, "6": {"precision": 0.0, "recall": 0.0, "f1-score": 0.0, "support": 5}, "7": {"precision": 0.4444444444444444, "recall": 0.4444444444444444, "f1-score": 0.4444444444444444, "support": 9}, "8": {"precision": 0.6193853427895981, "recall": 0.6632911392405063, "f1-score": 0.6405867970660147, "support": 395}, "9": {"precision": 0.0, "recall": 0.0, "f1-score": 0.0, "support": 9}, "10": {"precision": 0.8056206088992974, "recall": 0.688, "f1-score": 0.7421790722761596, "support": 500}, "11": {"precision": 0.05405405405405406, "recall": 0.17391304347826086, "f1-score": 0.08247422680412371, "support": 23}, "12": {"precision": 0.8953168044077136, "recall": 0.65, "f1-score": 0.7531865585168019, "support": 500}, "13": {"precision": 0.0, "recall": 0.0, "f1-score": 0.0, "support": 4}, "14": {"precision": 0.125, "recall": 0.6153846153846154, "f1-score": 0.2077922077922078, "support": 13}, "accuracy": 0.6538825757575758, "macro avg": {"precision": 0.2831574157750437, "recall": 0.3324657707868951, "f1-score": 0.2878152191073023, "support": 2112}, "weighted avg": {"precision": 0.7208542156228105, "recall": 0.6538825757575758, "f1-score": 0.67823979193627, "support": 2112}}}, "_timestamp": 1695136382.0867732, "loss": {"loss": 10.973739624023438}, "_runtime": 714.6903331279755, "_step": 300}